№;Имя;Телефон;"Время добавления"
1;Иван;555555;24.10.2020 10:05:17
1;Иван;555555;24.10.2020 10:06:09
3;Иван DDD;55555577;"24.10.2020 10:19:05"
4;Иван DDD;55555577;"24.10.2020 11:08:28"
5;Иван DDD;55555577;"24.10.2020 11:12:42"
6;Иван DDD;55555577;"24.10.2020 11:13:33"
7;;;"24.10.2020 11:14:35"
8;Петя;7 (927) 408-41-25;"24.10.2020 11:16:19"
9;Петя;7 (927) 408-41-25;"24.10.2020 11:18:13"
10;Петя;7 (927) 408-41-25;"24.10.2020 11:20:04"
11;Петя;7 (927) 408-41-25;"24.10.2020 11:20:47"
12;Петя;7 (927) 408-41-25;"24.10.2020 11:21:51"
13;Петя;7 (927) 408-41-25;"24.10.2020 11:31:27"
14;;;"24.10.2020 13:12:41"
15;;;"24.10.2020 13:14:12"
16;;;"24.10.2020 13:45:49"
17;;;"24.10.2020 13:47:09"
18;;;"24.10.2020 13:48:51"
19;;;"24.10.2020 14:04:34"
20;;;"24.10.2020 14:06:15"
21;;;"24.10.2020 14:12:57"
22;Петя;;"24.10.2020 14:14:44"
23;Петя;7 (927) 408-41-25;"24.10.2020 14:14:50"
24;Петя;7 (927) 408-41-25;"24.10.2020 14:14:59"